{
  "type": "FeatureCollection",
  "features": [
    {
      "type": "Feature",
      "properties": {
        "state_name": "Virginia"
      },
      "geometry": {
        "type": "Polygon",
        "coordinates": [
          [
            [
              -75.76171875,
              36.4566360115962
            ],
            [
              -78.486328125,
              39.707186656826565
            ],
            [
              -80.68359375,
              39.232253141714885
            ],
            [
              -86.30859375,
              36.4566360115962
            ],
            [
              -85.078125,
              35.31736632923788
            ],
            [
              -76.81640625,
              35.31736632923788
            ],
            [
              -75.76171875,
              36.4566360115962
            ]
          ]
        ]
      }
    },
    {
      "type": "Feature",
      "properties": {
        "state_name": "Maine"
      },
      "geometry": {
        "type": "Polygon",
        "coordinates": [
          [
            [
              -70.927734375,
              42.74701217318067
            ],
            [
              -67.763671875,
              44.465151013519616
            ],
            [
              -67.5,
              47.2195681123155
            ],
            [
              -68.5546875,
              47.39834920035926
            ],
            [
              -70.3125,
              46.49839225859763
            ],
            [
              -71.630859375,
              45.1510532655634
            ],
            [
              -70.927734375,
              42.74701217318067
            ]
          ]
        ]
      }
    },
    {
      "type": "Feature",
      "properties": {
        "state_name": "Washington"
      },
      "geometry": {
        "type": "Polygon",
        "coordinates": [
          [
            [
              -122.607421875,
              48.69096039092549
            ],
            [
              -124.892578125,
              44.902577996288876
            ],
            [
              -116.45507812500001,
              45.089035564831015
            ],
            [
              -116.45507812500001,
              48.3416461723746
            ],
            [
              -122.607421875,
              48.69096039092549
            ]
          ]
        ]
      }
    },
    {
      "type": "Feature",
      "properties": {
        "state_name": "Texas"
      },
      "geometry": {
        "type": "Polygon",
        "coordinates": [
          [
            [
              -99.140625,
              26.03704188651584
            ],
            [
              -107.314453125,
              31.653381399664
            ],
            [
              -103.0078125,
              31.728167146023935
            ],
            [
              -103.0078125,
              36.10237644873644
            ],
            [
              -98.0859375,
              36.527294814546245
            ],
            [
              -98.0859375,
              35.02999636902566
            ],
            [
              -94.74609375,
              34.30714385628804
            ],
            [
              -92.548828125,
              31.42866311735861
            ],
            [
              -91.845703125,
              30.14512718337613
            ],
            [
              -96.85546875,
              29.76437737516313
            ],
            [
              -97.294921875,
              25.48295117535531
            ],
            [
              -99.140625,
              26.03704188651584
            ]
          ]
        ]
      }
    },
    {
      "type": "Feature",
      "properties": {
        "state_name": "North Dakota"
      },
      "geometry": {
        "type": "Polygon",
        "coordinates": [
          [
            [
              -104.501953125,
              49.03786794532644
            ],
            [
              -104.501953125,
              46.37725420510028
            ],
            [
              -96.328125,
              45.644768217751924
            ],
            [
              -97.91015624999999,
              49.26780455063753
            ],
            [
              -104.501953125,
              49.03786794532644
            ]
          ]
        ]
      }
    },
    {
      "type": "Feature",
      "properties": {
        "state_name": "Wisconsin"
      },
      "geometry": {
        "type": "Polygon",
        "coordinates": [
          [
            [
              -92.197265625,
              46.98025235521883
            ],
            [
              -92.63671875,
              45.521743896993634
            ],
            [
              -90.791015625,
              42.68243539838623
            ],
            [
              -86.923828125,
              41.77131167976407
            ],
            [
              -86.396484375,
              46.07323062540838
            ],
            [
              -84.287109375,
              46.07323062540838
            ],
            [
              -87.62695312499999,
              47.100044694025215
            ],
            [
              -92.197265625,
              46.98025235521883
            ]
          ]
        ]
      }
    },
    {
      "type": "Feature",
      "properties": {
        "state_name": "Wyoming"
      },
      "geometry": {
        "type": "Polygon",
        "coordinates": [
          [
            [
              -111.26953125,
              44.84029065139799
            ],
            [
              -112.06054687499999,
              41.04621681452063
            ],
            [
              -104.150390625,
              41.31082388091818
            ],
            [
              -104.0625,
              44.84029065139799
            ],
            [
              -111.26953125,
              44.84029065139799
            ]
          ]
        ]
      }
    }
  ]
}