<metadata xml:lang="en"><Esri><CreaDate>20141201</CreaDate><CreaTime>12473900</CreaTime><ArcGISFormat>1.0</ArcGISFormat><SyncOnce>FALSE</SyncOnce><DataProperties><itemProps><itemName Sync="TRUE">nynta</itemName><itemLocation><linkage Sync="FALSE">withheld</linkage><protocol Sync="TRUE">Local Area Network</protocol></itemLocation><imsContentType Sync="TRUE">002</imsContentType><nativeExtBox><westBL Sync="TRUE">913174.999355</westBL><eastBL Sync="TRUE">1067382.508606</eastBL><southBL Sync="TRUE">120121.779352</southBL><northBL Sync="TRUE">272844.293823</northBL><exTypeCode Sync="TRUE">1</exTypeCode></nativeExtBox><itemSize Sync="TRUE">0.000</itemSize></itemProps><coordRef><type Sync="TRUE">Projected</type><geogcsn Sync="TRUE">GCS_North_American_1983</geogcsn><csUnits Sync="TRUE">Linear Unit: Foot_US (0.304801)</csUnits><projcsn Sync="TRUE">NAD_1983_StatePlane_New_York_Long_Island_FIPS_3104_Feet</projcsn><peXml Sync="TRUE">&lt;ProjectedCoordinateSystem xsi:type='typens:ProjectedCoordinateSystem' xmlns:xsi='http://www.w3.org/2001/XMLSchema-instance' xmlns:xs='http://www.w3.org/2001/XMLSchema' xmlns:typens='http://www.esri.com/schemas/ArcGIS/10.1'&gt;&lt;WKT&gt;PROJCS[&amp;quot;NAD_1983_StatePlane_New_York_Long_Island_FIPS_3104_Feet&amp;quot;,GEOGCS[&amp;quot;GCS_North_American_1983&amp;quot;,DATUM[&amp;quot;D_North_American_1983&amp;quot;,SPHEROID[&amp;quot;GRS_1980&amp;quot;,6378137.0,298.257222101]],PRIMEM[&amp;quot;Greenwich&amp;quot;,0.0],UNIT[&amp;quot;Degree&amp;quot;,0.0174532925199433]],PROJECTION[&amp;quot;Lambert_Conformal_Conic&amp;quot;],PARAMETER[&amp;quot;False_Easting&amp;quot;,984250.0],PARAMETER[&amp;quot;False_Northing&amp;quot;,0.0],PARAMETER[&amp;quot;Central_Meridian&amp;quot;,-74.0],PARAMETER[&amp;quot;Standard_Parallel_1&amp;quot;,40.66666666666666],PARAMETER[&amp;quot;Standard_Parallel_2&amp;quot;,41.03333333333333],PARAMETER[&amp;quot;Latitude_Of_Origin&amp;quot;,40.16666666666666],UNIT[&amp;quot;Foot_US&amp;quot;,0.3048006096012192],AUTHORITY[&amp;quot;EPSG&amp;quot;,2263]]&lt;/WKT&gt;&lt;XOrigin&gt;-120039300&lt;/XOrigin&gt;&lt;YOrigin&gt;-96540300&lt;/YOrigin&gt;&lt;XYScale&gt;37212589.015695661&lt;/XYScale&gt;&lt;ZOrigin&gt;-100000&lt;/ZOrigin&gt;&lt;ZScale&gt;10000&lt;/ZScale&gt;&lt;MOrigin&gt;-100000&lt;/MOrigin&gt;&lt;MScale&gt;10000&lt;/MScale&gt;&lt;XYTolerance&gt;0.0032808333333333331&lt;/XYTolerance&gt;&lt;ZTolerance&gt;0.001&lt;/ZTolerance&gt;&lt;MTolerance&gt;0.001&lt;/MTolerance&gt;&lt;HighPrecision&gt;true&lt;/HighPrecision&gt;&lt;WKID&gt;102718&lt;/WKID&gt;&lt;LatestWKID&gt;2263&lt;/LatestWKID&gt;&lt;/ProjectedCoordinateSystem&gt;</peXml></coordRef><lineage><Process ToolSource="c:\program files (x86)\arcgis\desktop10.1\ArcToolbox\Toolboxes\Analysis Tools.tbx\Select" Date="20141201" Time="131254">Select c:\temp\BYTES_GP\Districts.gdb\nynta C:\temp\14D\GIS_OUTPUT\Districts\shp\nynta__Iteration.shp "ObjectID&gt;=0 AND ObjectID&lt;3000"</Process><Process ToolSource="c:\program files (x86)\arcgis\desktop10.1\ArcToolbox\Toolboxes\Analysis Tools.tbx\Select" Date="20141201" Time="131254">Select C:\temp\14D\GIS_OUTPUT\Districts\shp\nynta__Iteration.shp C:\temp\14D\GIS_OUTPUT\Districts\shp\nynta.shp #</Process></lineage></DataProperties><SyncDate>20141201</SyncDate><SyncTime>13125400</SyncTime><ModDate>20141201</ModDate><ModTime>13125400</ModTime><scaleRange><minScale>150000000</minScale><maxScale>5000</maxScale></scaleRange></Esri><mdLang><languageCode value="eng"/><countryCode value="USA" Sync="TRUE"/></mdLang><mdChar><CharSetCd value="004"/></mdChar><mdHrLv><ScopeCd value="005"/></mdHrLv><mdContact><rpOrgName>New York City Department of City Planning</rpOrgName><rpPosName>BYTES of the BIG APPLE Coordinator</rpPosName><rpCntInfo><cntPhone><voiceNum>212.720.3505</voiceNum></cntPhone><cntAddress addressType="both"><delPoint>22 Reade St, 5E</delPoint><city>New York</city><adminArea>New York</adminArea><postCode>10007</postCode><country>US</country></cntAddress></rpCntInfo><role><RoleCd value="007"/></role></mdContact><distInfo><distributor><distorCont><rpOrgName>New York City Department of City Planning</rpOrgName><rpCntInfo><cntAddress addressType="both"><delPoint>22 Reade St, 5E</delPoint><city>New York</city><adminArea>New York</adminArea><postCode>10007</postCode><country>US</country></cntAddress><cntInstr>Available at the following website: http://www.nyc.gov/html/dcp/html/bytes/applbyte.shtml</cntInstr></rpCntInfo><role><RoleCd value="005"/></role></distorCont><distorOrdPrc><resFees>Free</resFees></distorOrdPrc></distributor><distTranOps><onLineSrc><linkage>http://www.nyc.gov/html/dcp/html/bytes/applbyte.shtml</linkage></onLineSrc><transSize Sync="TRUE">0.000</transSize></distTranOps><distFormat><formatName Sync="FALSE">ESRI Shapefile</formatName><formatVer>Open Specification</formatVer></distFormat></distInfo><dataIdInfo><idCitation><resEd>14D</resEd><citRespParty><rpOrgName>New York City Department of City Planning</rpOrgName><role><RoleCd value="006"/></role></citRespParty><citRespParty><rpOrgName>New York City Department of City Planning</rpOrgName><role><RoleCd value="010"/></role></citRespParty><datasetSeries><seriesName>BYTES of the BIG APPLE</seriesName><issId>14D</issId></datasetSeries><otherCitDet>The file name has changed from Projection Areas to Neighborhood Tabulation Areas in order to be more descriptive and to align with the Mayor's PlaNYC 2030 initiative.</otherCitDet><resTitle Sync="FALSE">New York City Neighborhood Tabulation Areas</resTitle><date><createDate>2014-12-01T00:00:00</createDate><pubDate>2014-12-01T00:00:00</pubDate></date><presForm><PresFormCd value="005" Sync="TRUE"/></presForm></idCitation><idAbs>&lt;DIV STYLE="text-align:Left;"&gt;&lt;DIV&gt;&lt;P&gt;&lt;SPAN&gt;Neighborhood Tabulation Areas (NTAs) were created to project populations at a small area level, from 2000 to 2030 for PlaNYC, the long-term sustainability plan for New York City. Since population size affects the error associated with population projections, these geographic units needed to have a minimum population, which we determined to be 15,000. This criterion resulted in combinations of neighborhoods that probably would not occur if one were solely designating boundaries of historical neighborhoods. Moreover, the neighborhood names associated with the neighborhood tabulation areas are not intended to be definitive. Another feature of the sustainability plan, was the creation of projections for Public Use Microdata Areas (PUMAs), which are approximations of New York City's Community Districts developed for use with the Census Bureau's Public Use Microdata Samples (PUMS). In order to make the boundaries consistent with PUMAs, NTAs were created using whole census tracts, from the 2010 census, within PUMAs. Since NTAs were not permitted to cross PUMA boundaries, this further restricted our ability to identify what may be thought of as historical neighborhood boundaries. Thus, users need to be cognizant of the reason why NTAs were created and the demographic/geographic constraints inherent in how they were configured. Despite these limitations, NTAs are a valuable summary level for use with both the 2010 Census and the American Community Survey (ACS). Regarding the decennial census, these geographic areas offer a good compromise between the very detailed data for census tracts (2,168) and the broad strokes provided by community districts (59). For the ACS, NTAs offer a statistically reliable alternative to the high sampling error that renders data for most individual census tracts unusable.&lt;/SPAN&gt;&lt;/P&gt;&lt;/DIV&gt;&lt;/DIV&gt;</idAbs><idPurp>These boundaries were initially created by the Department of City Planning for small area population projections. However, NTAs are now being used to present data from the Decennial Census and American Community Survey.</idPurp><idStatus><ProgCd value="001"/></idStatus><idPoC><rpOrgName>New York City Department of City Planning</rpOrgName><rpPosName>BYTES of the BIG APPLE Coordinator</rpPosName><rpCntInfo><cntPhone><voiceNum>212.720.3505</voiceNum></cntPhone><cntAddress addressType="both"><delPoint>22 Reade St, 5E</delPoint><city>New York</city><adminArea>NY</adminArea><postCode>10007</postCode><country>US</country></cntAddress></rpCntInfo><role><RoleCd value="007"/></role></idPoC><resMaint><maintFreq><MaintFreqCd value="006"/></maintFreq></resMaint><placeKeys><keyword>New York</keyword><keyword>Manhattan</keyword><keyword>Queens</keyword><keyword>Brooklyn</keyword><keyword>Richmond</keyword><keyword>Bronx</keyword><keyword>Kings</keyword><keyword>Staten Island</keyword><keyword>New York City</keyword></placeKeys><themeKeys><keyword>boundary</keyword><keyword>neighborhoods</keyword><keyword>projection areas</keyword><keyword>boundaries</keyword><keyword>neighborhood names</keyword><keyword>borough</keyword><keyword>neighborhood tabulation areas</keyword><keyword>neighborhood</keyword></themeKeys><searchKeys><keyword>New York</keyword><keyword>boundary</keyword><keyword>neighborhoods</keyword><keyword>Manhattan</keyword><keyword>projection areas</keyword><keyword>Queens</keyword><keyword>Brooklyn</keyword><keyword>Richmond</keyword><keyword>boundaries</keyword><keyword>neighborhood names</keyword><keyword>Bronx</keyword><keyword>Kings</keyword><keyword>borough</keyword><keyword>neighborhood tabulation areas</keyword><keyword>Staten Island</keyword><keyword>neighborhood</keyword><keyword>New York City</keyword></searchKeys><resConst><LegConsts><othConsts>The data is freely available to all New York City agencies and the public.</othConsts></LegConsts></resConst><resConst><SecConsts><class><ClasscationCd value="001"/></class></SecConsts></resConst><resConst><Consts><useLimit>&lt;DIV STYLE="text-align:Left;"&gt;&lt;P&gt;&lt;SPAN&gt;This dataset is being provided by the Department of City Planning (DCP) on DCP’s website for informational purposes only. DCP does not warranty the completeness, accuracy, content, or fitness for any particular purpose or use of the dataset, nor are any such warranties to be implied or inferred with respect to the dataset as furnished on the website. DCP and the City are not liable for any deficiencies in the completeness, accuracy, content, or fitness for any particular purpose or use the dataset, or applications utilizing the dataset, provided by any third party.&lt;/SPAN&gt;&lt;/P&gt;&lt;/DIV&gt;</useLimit></Consts></resConst><dataLang><languageCode value="eng"/><countryCode value="USA" Sync="TRUE"/></dataLang><dataExt><exDesc>ground condition</exDesc></dataExt><idCredit>Department of City Planning.</idCredit><tpCat><TopicCatCd value="003"/></tpCat><envirDesc Sync="TRUE">Microsoft Windows 7 Version 6.1 (Build 7601) Service Pack 1; Esri ArcGIS 10.1.1.3143</envirDesc><spatRpType><SpatRepTypCd value="001" Sync="TRUE"/></spatRpType><dataExt><geoEle><GeoBndBox esriExtentType="search"><exTypeCode Sync="TRUE">1</exTypeCode><westBL Sync="TRUE">-74.257159</westBL><eastBL Sync="TRUE">-73.699215</eastBL><northBL Sync="TRUE">40.915568</northBL><southBL Sync="TRUE">40.495992</southBL></GeoBndBox></geoEle></dataExt></dataIdInfo><mdMaint><maintFreq><MaintFreqCd value="006"/></maintFreq></mdMaint><dqInfo><dqScope><scpLvl><ScopeCd value="005"/></scpLvl></dqScope><report type="DQCompOm"><measDesc>These data are accurate as of the redistricting after the US Census 2010.</measDesc></report><report type="DQAbsExtPosAcc" dimension="horizontal"><measDesc>The District files are created from the same release version of the Department of City Planning LION file. The LION file is spatially aligned with NYCMap aerial photography.</measDesc></report></dqInfo><eainfo><detailed Name="nynta"><enttyp><enttypl Sync="TRUE">nynta</enttypl><enttypt Sync="TRUE">Feature Class</enttypt><enttypc Sync="TRUE">0</enttypc></enttyp><attr><attrlabl Sync="TRUE">FID</attrlabl><attalias Sync="TRUE">FID</attalias><attrtype Sync="TRUE">OID</attrtype><attwidth Sync="TRUE">4</attwidth><atprecis Sync="TRUE">0</atprecis><attscale Sync="TRUE">0</attscale><attrdef Sync="TRUE">Internal feature number.</attrdef><attrdefs Sync="TRUE">Esri</attrdefs><attrdomv><udom Sync="TRUE">Sequential unique whole numbers that are automatically generated.</udom></attrdomv></attr><attr><attrlabl>BoroCode</attrlabl><attalias Sync="TRUE">BoroCode</attalias><attrtype Sync="TRUE">SmallInteger</attrtype><attwidth Sync="TRUE">4</attwidth><attrdef>Borough of census tract.</attrdef><attrdomv><edom><edomv>1</edomv><edomvd>Manhattan</edomvd></edom><edom><edomv>2</edomv><edomvd>Bronx</edomvd></edom><edom><edomv>3</edomv><edomvd>Brooklyn</edomvd></edom><edom><edomv>4</edomv><edomvd>Queens</edomvd></edom><edom><edomv>5</edomv><edomvd>Staten Island</edomvd></edom></attrdomv><atprecis Sync="TRUE">4</atprecis><attscale Sync="TRUE">0</attscale></attr><attr><attrlabl>BoroName</attrlabl><attalias Sync="TRUE">BoroName</attalias><attrtype Sync="TRUE">String</attrtype><attwidth Sync="TRUE">13</attwidth><attrdef>Borough Name.</attrdef><atprecis Sync="TRUE">0</atprecis><attscale Sync="TRUE">0</attscale></attr><attr><attrlabl>CountyFIPS</attrlabl><attalias Sync="TRUE">CountyFIPS</attalias><attrtype Sync="TRUE">String</attrtype><attwidth Sync="TRUE">3</attwidth><attrdef>The Census Bureau defined County FIPS code</attrdef><attrdomv><edom><edomv>005</edomv><edomvd>Bronx County</edomvd></edom><edom><edomv>047</edomv><edomvd>Kings County (Brooklyn)</edomvd></edom><edom><edomv>061</edomv><edomvd>New York County (Manhattan)</edomvd></edom><edom><edomv>081</edomv><edomvd>Queens County</edomvd></edom><edom><edomv>085</edomv><edomvd>Richmond County (Staten Island)</edomvd></edom></attrdomv><atprecis Sync="TRUE">0</atprecis><attscale Sync="TRUE">0</attscale></attr><attr><attrlabl Sync="TRUE">NTACode</attrlabl><attalias Sync="TRUE">NTACode</attalias><attrtype Sync="TRUE">String</attrtype><attwidth Sync="TRUE">4</attwidth><atprecis Sync="TRUE">0</atprecis><attscale Sync="TRUE">0</attscale><attrdef>Neighborhood Tabulation Area Code</attrdef></attr><attr><attrlabl Sync="TRUE">NTAName</attrlabl><attalias Sync="TRUE">NTAName</attalias><attrtype Sync="TRUE">String</attrtype><attwidth Sync="TRUE">75</attwidth><atprecis Sync="TRUE">0</atprecis><attscale Sync="TRUE">0</attscale><attrdef>Neighborhood Tabulation Area Name</attrdef></attr><attr><attrlabl Sync="TRUE">Shape</attrlabl><attalias Sync="TRUE">Shape</attalias><attrtype Sync="TRUE">Geometry</attrtype><attwidth Sync="TRUE">0</attwidth><atprecis Sync="TRUE">0</atprecis><attscale Sync="TRUE">0</attscale><attrdef Sync="TRUE">Feature geometry.</attrdef><attrdefs Sync="TRUE">ESRI</attrdefs><attrdomv><udom Sync="TRUE">Coordinates defining the features.</udom></attrdomv></attr><attr><attrlabl Sync="TRUE">Shape_Leng</attrlabl><attalias Sync="TRUE">Shape_Leng</attalias><attrtype Sync="TRUE">Double</attrtype><attwidth Sync="TRUE">19</attwidth><atprecis Sync="TRUE">0</atprecis><attscale Sync="TRUE">0</attscale></attr><attr><attrlabl Sync="TRUE">SHAPE_Area</attrlabl><attalias Sync="TRUE">Shape_Area</attalias><attrtype Sync="TRUE">Double</attrtype><attwidth Sync="TRUE">19</attwidth><attrdef Sync="TRUE">Area of feature in internal units squared.</attrdef><attrdefs Sync="TRUE">ESRI</attrdefs><attrdomv><udom Sync="TRUE">Positive real numbers that are automatically generated.</udom></attrdomv><atprecis Sync="TRUE">0</atprecis><attscale Sync="TRUE">0</attscale></attr></detailed></eainfo><mdHrLvName Sync="TRUE">dataset</mdHrLvName><refSysInfo><RefSystem><refSysID><identCode code="2263" Sync="TRUE"/><idCodeSpace Sync="TRUE">EPSG</idCodeSpace><idVersion Sync="TRUE">7.11.2</idVersion></refSysID></RefSystem></refSysInfo><spatRepInfo><VectSpatRep><geometObjs Name="nynta"><geoObjTyp><GeoObjTypCd value="002" Sync="TRUE"></GeoObjTypCd></geoObjTyp><geoObjCnt Sync="TRUE">0</geoObjCnt></geometObjs><topLvl><TopoLevCd value="001" Sync="TRUE"></TopoLevCd></topLvl></VectSpatRep></spatRepInfo><spdoinfo><ptvctinf><esriterm Name="nynta"><efeatyp Sync="TRUE">Simple</efeatyp><efeageom code="4" Sync="TRUE"></efeageom><esritopo Sync="TRUE">FALSE</esritopo><efeacnt Sync="TRUE">0</efeacnt><spindex Sync="TRUE">FALSE</spindex><linrefer Sync="TRUE">FALSE</linrefer></esriterm></ptvctinf></spdoinfo><mdDateSt Sync="TRUE">20141201</mdDateSt></metadata>
